company_id,type,rule_id,text,confidence_pct
ABB,pro,1,Consistently high return on equity above 20% demonstrates exceptional capital efficiency.,95
ABB,pro,6,Net profit compounding at above 20% over 5 years creates significant shareholder value.,92
ABB,pro,7,Very high interest coverage ratio reflects negligible financial stress from debt servicing.,90
ABB,pro,9,Earnings per share growing above 15% CAGR indicates strong earnings quality and compounding.,90
ABB,pro,11,Revenue growing slower than profits shows improving operating leverage and scale benefits.,87
ADANIENSOL,pro,4,Revenue growing at above 15% CAGR over 5 years reflects strong business momentum.,90
ADANIENSOL,pro,5,Operating profit margin above 25% indicates strong pricing power and cost discipline.,90
ADANIENT,pro,4,Revenue growing at above 15% CAGR over 5 years reflects strong business momentum.,90
ADANIENT,pro,6,Net profit compounding at above 20% over 5 years creates significant shareholder value.,92
ADANIENT,pro,9,Earnings per share growing above 15% CAGR indicates strong earnings quality and compounding.,90
ADANIENT,pro,11,Revenue growing slower than profits shows improving operating leverage and scale benefits.,87
ADANIGREEN,pro,4,Revenue growing at above 15% CAGR over 5 years reflects strong business momentum.,90
ADANIGREEN,pro,5,Operating profit margin above 25% indicates strong pricing power and cost discipline.,90
ADANIGREEN,pro,12,Growing asset base funded by internal accruals reflects self-sustaining growth.,85
ADANIPORTS,pro,4,Revenue growing at above 15% CAGR over 5 years reflects strong business momentum.,90
ADANIPORTS,pro,5,Operating profit margin above 25% indicates strong pricing power and cost discipline.,90
ADANIPORTS,pro,12,Growing asset base funded by internal accruals reflects self-sustaining growth.,85
ADANIPOWER,pro,1,Consistently high return on equity above 20% demonstrates exceptional capital efficiency.,95
ADANIPOWER,pro,2,Strong free cash flow generation over 5 years signals healthy business fundamentals.,92
ADANIPOWER,pro,4,Revenue growing at above 15% CAGR over 5 years reflects strong business momentum.,90
ADANIPOWER,pro,5,Operating profit margin above 25% indicates strong pricing power and cost discipline.,90
ADANIPOWER,pro,12,Growing asset base funded by internal accruals reflects self-sustaining growth.,85
AMBUJACEM,pro,7,Very high interest coverage ratio reflects negligible financial stress from debt servicing.,90
AMBUJACEM,pro,11,Revenue growing slower than profits shows improving operating leverage and scale benefits.,87
AMBUJACEM,pro,12,Growing asset base funded by internal accruals reflects self-sustaining growth.,85
APOLLOHOSP,pro,2,Strong free cash flow generation over 5 years signals healthy business fundamentals.,92
APOLLOHOSP,pro,6,Net profit compounding at above 20% over 5 years creates significant shareholder value.,92
APOLLOHOSP,pro,8,Consistent dividend yield above 2% backed by positive free cash flow.,88
APOLLOHOSP,pro,9,Earnings per share growing above 15% CAGR indicates strong earnings quality and compounding.,90
APOLLOHOSP,pro,11,Revenue growing slower than profits shows improving operating leverage and scale benefits.,87
ASIANPAINT,pro,1,Consistently high return on equity above 20% demonstrates exceptional capital efficiency.,95
ASIANPAINT,pro,2,Strong free cash flow generation over 5 years signals healthy business fundamentals.,92
ASIANPAINT,pro,6,Net profit compounding at above 20% over 5 years creates significant shareholder value.,92
ASIANPAINT,pro,7,Very high interest coverage ratio reflects negligible financial stress from debt servicing.,90
ASIANPAINT,pro,8,Consistent dividend yield above 2% backed by positive free cash flow.,88
ASIANPAINT,pro,9,Earnings per share growing above 15% CAGR indicates strong earnings quality and compounding.,90
ASIANPAINT,pro,11,Revenue growing slower than profits shows improving operating leverage and scale benefits.,87
ATGL,pro,1,Consistently high return on equity above 20% demonstrates exceptional capital efficiency.,95
ATGL,pro,4,Revenue growing at above 15% CAGR over 5 years reflects strong business momentum.,90
ATGL,pro,6,Net profit compounding at above 20% over 5 years creates significant shareholder value.,92
ATGL,pro,7,Very high interest coverage ratio reflects negligible financial stress from debt servicing.,90
ATGL,pro,9,Earnings per share growing above 15% CAGR indicates strong earnings quality and compounding.,90
ATGL,pro,11,Revenue growing slower than profits shows improving operating leverage and scale benefits.,87
ATGL,pro,12,Growing asset base funded by internal accruals reflects self-sustaining growth.,85
AXISBANK,pro,5,Operating profit margin above 25% indicates strong pricing power and cost discipline.,90
AXISBANK,pro,6,Net profit compounding at above 20% over 5 years creates significant shareholder value.,92
AXISBANK,pro,9,Earnings per share growing above 15% CAGR indicates strong earnings quality and compounding.,90
AXISBANK,pro,11,Revenue growing slower than profits shows improving operating leverage and scale benefits.,87
AXISBANK,pro,12,Growing asset base funded by internal accruals reflects self-sustaining growth.,85
BAJAJ-AUTO,pro,1,Consistently high return on equity above 20% demonstrates exceptional capital efficiency.,95
BAJAJ-AUTO,pro,2,Strong free cash flow generation over 5 years signals healthy business fundamentals.,92
BAJAJ-AUTO,pro,7,Very high interest coverage ratio reflects negligible financial stress from debt servicing.,90
BAJAJ-AUTO,pro,8,Consistent dividend yield above 2% backed by positive free cash flow.,88
BAJAJ-AUTO,pro,11,Revenue growing slower than profits shows improving operating leverage and scale benefits.,87
BAJAJFINSV,pro,4,Revenue growing at above 15% CAGR over 5 years reflects strong business momentum.,90
BAJAJFINSV,pro,5,Operating profit margin above 25% indicates strong pricing power and cost discipline.,90
BAJAJFINSV,pro,6,Net profit compounding at above 20% over 5 years creates significant shareholder value.,92
BAJAJFINSV,pro,9,Earnings per share growing above 15% CAGR indicates strong earnings quality and compounding.,90
BAJAJFINSV,pro,11,Revenue growing slower than profits shows improving operating leverage and scale benefits.,87
BAJAJHLDNG,pro,4,Revenue growing at above 15% CAGR over 5 years reflects strong business momentum.,90
BAJAJHLDNG,pro,5,Operating profit margin above 25% indicates strong pricing power and cost discipline.,90
BAJAJHLDNG,pro,7,Very high interest coverage ratio reflects negligible financial stress from debt servicing.,90
BAJAJHLDNG,pro,8,Consistent dividend yield above 2% backed by positive free cash flow.,88
BAJAJHLDNG,pro,9,Earnings per share growing above 15% CAGR indicates strong earnings quality and compounding.,90
BAJAJHLDNG,pro,12,Growing asset base funded by internal accruals reflects self-sustaining growth.,85
BAJFINANCE,pro,1,Consistently high return on equity above 20% demonstrates exceptional capital efficiency.,95
BAJFINANCE,pro,4,Revenue growing at above 15% CAGR over 5 years reflects strong business momentum.,90
BAJFINANCE,pro,5,Operating profit margin above 25% indicates strong pricing power and cost discipline.,90
BAJFINANCE,pro,6,Net profit compounding at above 20% over 5 years creates significant shareholder value.,92
BAJFINANCE,pro,7,Very high interest coverage ratio reflects negligible financial stress from debt servicing.,90
BAJFINANCE,pro,9,Earnings per share growing above 15% CAGR indicates strong earnings quality and compounding.,90
BAJFINANCE,pro,11,Revenue growing slower than profits shows improving operating leverage and scale benefits.,87
BAJFINANCE,pro,12,Growing asset base funded by internal accruals reflects self-sustaining growth.,85
BANKBARODA,pro,4,Revenue growing at above 15% CAGR over 5 years reflects strong business momentum.,90
BANKBARODA,pro,5,Operating profit margin above 25% indicates strong pricing power and cost discipline.,90
BANKBARODA,pro,6,Net profit compounding at above 20% over 5 years creates significant shareholder value.,92
BANKBARODA,pro,9,Earnings per share growing above 15% CAGR indicates strong earnings quality and compounding.,90
BANKBARODA,pro,11,Revenue growing slower than profits shows improving operating leverage and scale benefits.,87
BANKBARODA,pro,12,Growing asset base funded by internal accruals reflects self-sustaining growth.,85
BEL,pro,1,Consistently high return on equity above 20% demonstrates exceptional capital efficiency.,95
BEL,pro,7,Very high interest coverage ratio reflects negligible financial stress from debt servicing.,90
BEL,pro,11,Revenue growing slower than profits shows improving operating leverage and scale benefits.,87
BEL,pro,12,Growing asset base funded by internal accruals reflects self-sustaining growth.,85
BHARTIARTL,pro,5,Operating profit margin above 25% indicates strong pricing power and cost discipline.,90
BHARTIARTL,pro,6,Net profit compounding at above 20% over 5 years creates significant shareholder value.,92
BHARTIARTL,pro,9,Earnings per share growing above 15% CAGR indicates strong earnings quality and compounding.,90
BHARTIARTL,pro,11,Revenue growing slower than profits shows improving operating leverage and scale benefits.,87
BHARTIARTL,pro,12,Growing asset base funded by internal accruals reflects self-sustaining growth.,85
BOSCHLTD,pro,2,Strong free cash flow generation over 5 years signals healthy business fundamentals.,92
BOSCHLTD,pro,7,Very high interest coverage ratio reflects negligible financial stress from debt servicing.,90
BOSCHLTD,pro,8,Consistent dividend yield above 2% backed by positive free cash flow.,88
BOSCHLTD,pro,11,Revenue growing slower than profits shows improving operating leverage and scale benefits.,87
BOSCHLTD,pro,12,Growing asset base funded by internal accruals reflects self-sustaining growth.,85
BPCL,pro,1,Consistently high return on equity above 20% demonstrates exceptional capital efficiency.,95
BPCL,pro,6,Net profit compounding at above 20% over 5 years creates significant shareholder value.,92
BPCL,pro,7,Very high interest coverage ratio reflects negligible financial stress from debt servicing.,90
BPCL,pro,9,Earnings per share growing above 15% CAGR indicates strong earnings quality and compounding.,90
BPCL,pro,11,Revenue growing slower than profits shows improving operating leverage and scale benefits.,87
BPCL,pro,12,Growing asset base funded by internal accruals reflects self-sustaining growth.,85
BRITANNIA,pro,1,Consistently high return on equity above 20% demonstrates exceptional capital efficiency.,95
BRITANNIA,pro,7,Very high interest coverage ratio reflects negligible financial stress from debt servicing.,90
BRITANNIA,pro,11,Revenue growing slower than profits shows improving operating leverage and scale benefits.,87
BRITANNIA,pro,12,Growing asset base funded by internal accruals reflects self-sustaining growth.,85
CANBK,pro,4,Revenue growing at above 15% CAGR over 5 years reflects strong business momentum.,90
CANBK,pro,5,Operating profit margin above 25% indicates strong pricing power and cost discipline.,90
CANBK,pro,6,Net profit compounding at above 20% over 5 years creates significant shareholder value.,92
CANBK,pro,8,Consistent dividend yield above 2% backed by positive free cash flow.,88
CANBK,pro,9,Earnings per share growing above 15% CAGR indicates strong earnings quality and compounding.,90
CANBK,pro,11,Revenue growing slower than profits shows improving operating leverage and scale benefits.,87
CANBK,pro,12,Growing asset base funded by internal accruals reflects self-sustaining growth.,85
CHOLAFIN,pro,1,Consistently high return on equity above 20% demonstrates exceptional capital efficiency.,95
CHOLAFIN,pro,4,Revenue growing at above 15% CAGR over 5 years reflects strong business momentum.,90
CHOLAFIN,pro,5,Operating profit margin above 25% indicates strong pricing power and cost discipline.,90
CHOLAFIN,pro,6,Net profit compounding at above 20% over 5 years creates significant shareholder value.,92
CHOLAFIN,pro,7,Very high interest coverage ratio reflects negligible financial stress from debt servicing.,90
CHOLAFIN,pro,9,Earnings per share growing above 15% CAGR indicates strong earnings quality and compounding.,90
CHOLAFIN,pro,11,Revenue growing slower than profits shows improving operating leverage and scale benefits.,87
CIPLA,pro,2,Strong free cash flow generation over 5 years signals healthy business fundamentals.,92
CIPLA,pro,5,Operating profit margin above 25% indicates strong pricing power and cost discipline.,90
CIPLA,pro,6,Net profit compounding at above 20% over 5 years creates significant shareholder value.,92
CIPLA,pro,7,Very high interest coverage ratio reflects negligible financial stress from debt servicing.,90
CIPLA,pro,9,Earnings per share growing above 15% CAGR indicates strong earnings quality and compounding.,90
CIPLA,pro,11,Revenue growing slower than profits shows improving operating leverage and scale benefits.,87
CIPLA,pro,12,Growing asset base funded by internal accruals reflects self-sustaining growth.,85
COALINDIA,pro,1,Consistently high return on equity above 20% demonstrates exceptional capital efficiency.,95
COALINDIA,pro,2,Strong free cash flow generation over 5 years signals healthy business fundamentals.,92
COALINDIA,pro,5,Operating profit margin above 25% indicates strong pricing power and cost discipline.,90
COALINDIA,pro,7,Very high interest coverage ratio reflects negligible financial stress from debt servicing.,90
COALINDIA,pro,8,Consistent dividend yield above 2% backed by positive free cash flow.,88
COALINDIA,pro,9,Earnings per share growing above 15% CAGR indicates strong earnings quality and compounding.,90
COALINDIA,pro,11,Revenue growing slower than profits shows improving operating leverage and scale benefits.,87
DABUR,pro,2,Strong free cash flow generation over 5 years signals healthy business fundamentals.,92
DABUR,pro,7,Very high interest coverage ratio reflects negligible financial stress from debt servicing.,90
DABUR,pro,8,Consistent dividend yield above 2% backed by positive free cash flow.,88
DIVISLAB,pro,5,Operating profit margin above 25% indicates strong pricing power and cost discipline.,90
DIVISLAB,pro,7,Very high interest coverage ratio reflects negligible financial stress from debt servicing.,90
DIVISLAB,pro,12,Growing asset base funded by internal accruals reflects self-sustaining growth.,85
DLF,pro,2,Strong free cash flow generation over 5 years signals healthy business fundamentals.,92
DLF,pro,5,Operating profit margin above 25% indicates strong pricing power and cost discipline.,90
DLF,pro,8,Consistent dividend yield above 2% backed by positive free cash flow.,88
DLF,pro,11,Revenue growing slower than profits shows improving operating leverage and scale benefits.,87
DMART,pro,4,Revenue growing at above 15% CAGR over 5 years reflects strong business momentum.,90
DMART,pro,6,Net profit compounding at above 20% over 5 years creates significant shareholder value.,92
DMART,pro,7,Very high interest coverage ratio reflects negligible financial stress from debt servicing.,90
DMART,pro,9,Earnings per share growing above 15% CAGR indicates strong earnings quality and compounding.,90
DMART,pro,11,Revenue growing slower than profits shows improving operating leverage and scale benefits.,87
DMART,pro,12,Growing asset base funded by internal accruals reflects self-sustaining growth.,85
DRREDDY,pro,1,Consistently high return on equity above 20% demonstrates exceptional capital efficiency.,95
DRREDDY,pro,2,Strong free cash flow generation over 5 years signals healthy business fundamentals.,92
DRREDDY,pro,5,Operating profit margin above 25% indicates strong pricing power and cost discipline.,90
DRREDDY,pro,6,Net profit compounding at above 20% over 5 years creates significant shareholder value.,92
DRREDDY,pro,7,Very high interest coverage ratio reflects negligible financial stress from debt servicing.,90
DRREDDY,pro,9,Earnings per share growing above 15% CAGR indicates strong earnings quality and compounding.,90
DRREDDY,pro,11,Revenue growing slower than profits shows improving operating leverage and scale benefits.,87
EICHERMOT,pro,1,Consistently high return on equity above 20% demonstrates exceptional capital efficiency.,95
EICHERMOT,pro,2,Strong free cash flow generation over 5 years signals healthy business fundamentals.,92
EICHERMOT,pro,5,Operating profit margin above 25% indicates strong pricing power and cost discipline.,90
EICHERMOT,pro,7,Very high interest coverage ratio reflects negligible financial stress from debt servicing.,90
EICHERMOT,pro,8,Consistent dividend yield above 2% backed by positive free cash flow.,88
EICHERMOT,pro,11,Revenue growing slower than profits shows improving operating leverage and scale benefits.,87
GAIL,pro,7,Very high interest coverage ratio reflects negligible financial stress from debt servicing.,90
GRASIM,pro,6,Net profit compounding at above 20% over 5 years creates significant shareholder value.,92
GRASIM,pro,9,Earnings per share growing above 15% CAGR indicates strong earnings quality and compounding.,90
GRASIM,pro,11,Revenue growing slower than profits shows improving operating leverage and scale benefits.,87
HAL,pro,1,Consistently high return on equity above 20% demonstrates exceptional capital efficiency.,95
HAL,pro,5,Operating profit margin above 25% indicates strong pricing power and cost discipline.,90
HAL,pro,6,Net profit compounding at above 20% over 5 years creates significant shareholder value.,92
HAL,pro,7,Very high interest coverage ratio reflects negligible financial stress from debt servicing.,90
HAL,pro,8,Consistent dividend yield above 2% backed by positive free cash flow.,88
HAL,pro,9,Earnings per share growing above 15% CAGR indicates strong earnings quality and compounding.,90
HAL,pro,11,Revenue growing slower than profits shows improving operating leverage and scale benefits.,87
HAVELLS,pro,7,Very high interest coverage ratio reflects negligible financial stress from debt servicing.,90
HAVELLS,pro,8,Consistent dividend yield above 2% backed by positive free cash flow.,88
HCLTECH,pro,1,Consistently high return on equity above 20% demonstrates exceptional capital efficiency.,95
HCLTECH,pro,2,Strong free cash flow generation over 5 years signals healthy business fundamentals.,92
HCLTECH,pro,7,Very high interest coverage ratio reflects negligible financial stress from debt servicing.,90
HDFCBANK,pro,4,Revenue growing at above 15% CAGR over 5 years reflects strong business momentum.,90
HDFCBANK,pro,5,Operating profit margin above 25% indicates strong pricing power and cost discipline.,90
HDFCBANK,pro,6,Net profit compounding at above 20% over 5 years creates significant shareholder value.,92
HDFCBANK,pro,8,Consistent dividend yield above 2% backed by positive free cash flow.,88
HDFCBANK,pro,9,Earnings per share growing above 15% CAGR indicates strong earnings quality and compounding.,90
HDFCBANK,pro,11,Revenue growing slower than profits shows improving operating leverage and scale benefits.,87
HDFCBANK,pro,12,Growing asset base funded by internal accruals reflects self-sustaining growth.,85
HDFCLIFE,pro,4,Revenue growing at above 15% CAGR over 5 years reflects strong business momentum.,90
HDFCLIFE,pro,5,Operating profit margin above 25% indicates strong pricing power and cost discipline.,90
HDFCLIFE,pro,7,Very high interest coverage ratio reflects negligible financial stress from debt servicing.,90
HDFCLIFE,pro,12,Growing asset base funded by internal accruals reflects self-sustaining growth.,85
HEROMOTOCO,pro,1,Consistently high return on equity above 20% demonstrates exceptional capital efficiency.,95
HEROMOTOCO,pro,2,Strong free cash flow generation over 5 years signals healthy business fundamentals.,92
HEROMOTOCO,pro,5,Operating profit margin above 25% indicates strong pricing power and cost discipline.,90
HEROMOTOCO,pro,7,Very high interest coverage ratio reflects negligible financial stress from debt servicing.,90
HINDALCO,pro,5,Operating profit margin above 25% indicates strong pricing power and cost discipline.,90
HINDALCO,pro,7,Very high interest coverage ratio reflects negligible financial stress from debt servicing.,90
HINDALCO,pro,11,Revenue growing slower than profits shows improving operating leverage and scale benefits.,87
HINDALCO,pro,12,Growing asset base funded by internal accruals reflects self-sustaining growth.,85
HINDUNILVR,pro,1,Consistently high return on equity above 20% demonstrates exceptional capital efficiency.,95
HINDUNILVR,pro,2,Strong free cash flow generation over 5 years signals healthy business fundamentals.,92
HINDUNILVR,pro,5,Operating profit margin above 25% indicates strong pricing power and cost discipline.,90
HINDUNILVR,pro,7,Very high interest coverage ratio reflects negligible financial stress from debt servicing.,90
HINDUNILVR,pro,8,Consistent dividend yield above 2% backed by positive free cash flow.,88
HINDUNILVR,pro,11,Revenue growing slower than profits shows improving operating leverage and scale benefits.,87
ICICIBANK,pro,4,Revenue growing at above 15% CAGR over 5 years reflects strong business momentum.,90
ICICIBANK,pro,5,Operating profit margin above 25% indicates strong pricing power and cost discipline.,90
ICICIBANK,pro,6,Net profit compounding at above 20% over 5 years creates significant shareholder value.,92
ICICIBANK,pro,8,Consistent dividend yield above 2% backed by positive free cash flow.,88
ICICIBANK,pro,9,Earnings per share growing above 15% CAGR indicates strong earnings quality and compounding.,90
ICICIBANK,pro,11,Revenue growing slower than profits shows improving operating leverage and scale benefits.,87
ICICIBANK,pro,12,Growing asset base funded by internal accruals reflects self-sustaining growth.,85
ICICIGI,pro,2,Strong free cash flow generation over 5 years signals healthy business fundamentals.,92
ICICIGI,pro,5,Operating profit margin above 25% indicates strong pricing power and cost discipline.,90
ICICIGI,pro,7,Very high interest coverage ratio reflects negligible financial stress from debt servicing.,90
ICICIGI,pro,8,Consistent dividend yield above 2% backed by positive free cash flow.,88
ICICIGI,pro,12,Growing asset base funded by internal accruals reflects self-sustaining growth.,85
ICICIPRULI,pro,4,Revenue growing at above 15% CAGR over 5 years reflects strong business momentum.,90
ICICIPRULI,pro,5,Operating profit margin above 25% indicates strong pricing power and cost discipline.,90
ICICIPRULI,pro,7,Very high interest coverage ratio reflects negligible financial stress from debt servicing.,90
ICICIPRULI,pro,12,Growing asset base funded by internal accruals reflects self-sustaining growth.,85
INDIGO,pro,2,Strong free cash flow generation over 5 years signals healthy business fundamentals.,92
INDIGO,pro,4,Revenue growing at above 15% CAGR over 5 years reflects strong business momentum.,90
INDIGO,pro,5,Operating profit margin above 25% indicates strong pricing power and cost discipline.,90
INDIGO,pro,6,Net profit compounding at above 20% over 5 years creates significant shareholder value.,92
INDIGO,pro,7,Very high interest coverage ratio reflects negligible financial stress from debt servicing.,90
INDIGO,pro,8,Consistent dividend yield above 2% backed by positive free cash flow.,88
INDIGO,pro,9,Earnings per share growing above 15% CAGR indicates strong earnings quality and compounding.,90
INDIGO,pro,11,Revenue growing slower than profits shows improving operating leverage and scale benefits.,87
INDUSINDBK,pro,4,Revenue growing at above 15% CAGR over 5 years reflects strong business momentum.,90
INDUSINDBK,pro,5,Operating profit margin above 25% indicates strong pricing power and cost discipline.,90
INDUSINDBK,pro,6,Net profit compounding at above 20% over 5 years creates significant shareholder value.,92
INDUSINDBK,pro,9,Earnings per share growing above 15% CAGR indicates strong earnings quality and compounding.,90
INDUSINDBK,pro,11,Revenue growing slower than profits shows improving operating leverage and scale benefits.,87
INDUSINDBK,pro,12,Growing asset base funded by internal accruals reflects self-sustaining growth.,85
INFY,pro,1,Consistently high return on equity above 20% demonstrates exceptional capital efficiency.,95
INFY,pro,2,Strong free cash flow generation over 5 years signals healthy business fundamentals.,92
INFY,pro,7,Very high interest coverage ratio reflects negligible financial stress from debt servicing.,90
INFY,pro,8,Consistent dividend yield above 2% backed by positive free cash flow.,88
INFY,pro,12,Growing asset base funded by internal accruals reflects self-sustaining growth.,85
IOC,pro,1,Consistently high return on equity above 20% demonstrates exceptional capital efficiency.,95
IOC,pro,6,Net profit compounding at above 20% over 5 years creates significant shareholder value.,92
IOC,pro,7,Very high interest coverage ratio reflects negligible financial stress from debt servicing.,90
IOC,pro,9,Earnings per share growing above 15% CAGR indicates strong earnings quality and compounding.,90
IOC,pro,11,Revenue growing slower than profits shows improving operating leverage and scale benefits.,87
IOC,pro,12,Growing asset base funded by internal accruals reflects self-sustaining growth.,85
IRCTC,pro,1,Consistently high return on equity above 20% demonstrates exceptional capital efficiency.,95
IRCTC,pro,4,Revenue growing at above 15% CAGR over 5 years reflects strong business momentum.,90
IRCTC,pro,5,Operating profit margin above 25% indicates strong pricing power and cost discipline.,90
IRCTC,pro,6,Net profit compounding at above 20% over 5 years creates significant shareholder value.,92
IRCTC,pro,7,Very high interest coverage ratio reflects negligible financial stress from debt servicing.,90
IRCTC,pro,9,Earnings per share growing above 15% CAGR indicates strong earnings quality and compounding.,90
IRCTC,pro,11,Revenue growing slower than profits shows improving operating leverage and scale benefits.,87
IRCTC,pro,12,Growing asset base funded by internal accruals reflects self-sustaining growth.,85
IRFC,pro,4,Revenue growing at above 15% CAGR over 5 years reflects strong business momentum.,90
IRFC,pro,5,Operating profit margin above 25% indicates strong pricing power and cost discipline.,90
IRFC,pro,6,Net profit compounding at above 20% over 5 years creates significant shareholder value.,92
IRFC,pro,8,Consistent dividend yield above 2% backed by positive free cash flow.,88
IRFC,pro,9,Earnings per share growing above 15% CAGR indicates strong earnings quality and compounding.,90
IRFC,pro,11,Revenue growing slower than profits shows improving operating leverage and scale benefits.,87
IRFC,pro,12,Growing asset base funded by internal accruals reflects self-sustaining growth.,85
ITC,pro,1,Consistently high return on equity above 20% demonstrates exceptional capital efficiency.,95
ITC,pro,2,Strong free cash flow generation over 5 years signals healthy business fundamentals.,92
ITC,pro,5,Operating profit margin above 25% indicates strong pricing power and cost discipline.,90
ITC,pro,7,Very high interest coverage ratio reflects negligible financial stress from debt servicing.,90
ITC,pro,8,Consistent dividend yield above 2% backed by positive free cash flow.,88
ITC,pro,11,Revenue growing slower than profits shows improving operating leverage and scale benefits.,87
ITC,pro,12,Growing asset base funded by internal accruals reflects self-sustaining growth.,85
JIOFIN,pro,3,Debt-free balance sheet provides financial flexibility and eliminates interest burden.,98
JIOFIN,pro,4,Revenue growing at above 15% CAGR over 5 years reflects strong business momentum.,90
JIOFIN,pro,5,Operating profit margin above 25% indicates strong pricing power and cost discipline.,90
JIOFIN,pro,6,Net profit compounding at above 20% over 5 years creates significant shareholder value.,92
JIOFIN,pro,7,Very high interest coverage ratio reflects negligible financial stress from debt servicing.,90
JIOFIN,pro,8,Consistent dividend yield above 2% backed by positive free cash flow.,88
JIOFIN,pro,11,Revenue growing slower than profits shows improving operating leverage and scale benefits.,87
JSWENERGY,pro,5,Operating profit margin above 25% indicates strong pricing power and cost discipline.,90
JSWENERGY,pro,6,Net profit compounding at above 20% over 5 years creates significant shareholder value.,92
JSWENERGY,pro,9,Earnings per share growing above 15% CAGR indicates strong earnings quality and compounding.,90
JSWENERGY,pro,11,Revenue growing slower than profits shows improving operating leverage and scale benefits.,87
JSWSTEEL,pro,4,Revenue growing at above 15% CAGR over 5 years reflects strong business momentum.,90
JSWSTEEL,pro,12,Growing asset base funded by internal accruals reflects self-sustaining growth.,85
KOTAKBANK,pro,5,Operating profit margin above 25% indicates strong pricing power and cost discipline.,90
KOTAKBANK,pro,6,Net profit compounding at above 20% over 5 years creates significant shareholder value.,92
KOTAKBANK,pro,9,Earnings per share growing above 15% CAGR indicates strong earnings quality and compounding.,90
KOTAKBANK,pro,11,Revenue growing slower than profits shows improving operating leverage and scale benefits.,87
LICI,pro,1,Consistently high return on equity above 20% demonstrates exceptional capital efficiency.,95
LICI,pro,2,Strong free cash flow generation over 5 years signals healthy business fundamentals.,92
LICI,pro,3,Debt-free balance sheet provides financial flexibility and eliminates interest burden.,98
LICI,pro,6,Net profit compounding at above 20% over 5 years creates significant shareholder value.,92
LICI,pro,7,Very high interest coverage ratio reflects negligible financial stress from debt servicing.,90
LICI,pro,8,Consistent dividend yield above 2% backed by positive free cash flow.,88
LICI,pro,9,Earnings per share growing above 15% CAGR indicates strong earnings quality and compounding.,90
LICI,pro,11,Revenue growing slower than profits shows improving operating leverage and scale benefits.,87
LODHA,pro,5,Operating profit margin above 25% indicates strong pricing power and cost discipline.,90
LODHA,pro,11,Revenue growing slower than profits shows improving operating leverage and scale benefits.,87
LODHA,pro,12,Growing asset base funded by internal accruals reflects self-sustaining growth.,85
LTIM,pro,1,Consistently high return on equity above 20% demonstrates exceptional capital efficiency.,95
LTIM,pro,2,Strong free cash flow generation over 5 years signals healthy business fundamentals.,92
LTIM,pro,4,Revenue growing at above 15% CAGR over 5 years reflects strong business momentum.,90
LTIM,pro,6,Net profit compounding at above 20% over 5 years creates significant shareholder value.,92
LTIM,pro,7,Very high interest coverage ratio reflects negligible financial stress from debt servicing.,90
LTIM,pro,8,Consistent dividend yield above 2% backed by positive free cash flow.,88
M&M,pro,9,Earnings per share growing above 15% CAGR indicates strong earnings quality and compounding.,90
M&M,pro,11,Revenue growing slower than profits shows improving operating leverage and scale benefits.,87
MARUTI,pro,2,Strong free cash flow generation over 5 years signals healthy business fundamentals.,92
MARUTI,pro,7,Very high interest coverage ratio reflects negligible financial stress from debt servicing.,90
MARUTI,pro,11,Revenue growing slower than profits shows improving operating leverage and scale benefits.,87
MARUTI,pro,12,Growing asset base funded by internal accruals reflects self-sustaining growth.,85
MOTHERSON,pro,2,Strong free cash flow generation over 5 years signals healthy business fundamentals.,92
MOTHERSON,pro,8,Consistent dividend yield above 2% backed by positive free cash flow.,88
NAUKRI,pro,4,Revenue growing at above 15% CAGR over 5 years reflects strong business momentum.,90
NAUKRI,pro,5,Operating profit margin above 25% indicates strong pricing power and cost discipline.,90
NAUKRI,pro,7,Very high interest coverage ratio reflects negligible financial stress from debt servicing.,90
NESTLEIND,pro,1,Consistently high return on equity above 20% demonstrates exceptional capital efficiency.,95
NESTLEIND,pro,2,Strong free cash flow generation over 5 years signals healthy business fundamentals.,92
NESTLEIND,pro,7,Very high interest coverage ratio reflects negligible financial stress from debt servicing.,90
NESTLEIND,pro,8,Consistent dividend yield above 2% backed by positive free cash flow.,88
NESTLEIND,pro,9,Earnings per share growing above 15% CAGR indicates strong earnings quality and compounding.,90
NESTLEIND,pro,11,Revenue growing slower than profits shows improving operating leverage and scale benefits.,87
NESTLEIND,pro,12,Growing asset base funded by internal accruals reflects self-sustaining growth.,85
NHPC,pro,2,Strong free cash flow generation over 5 years signals healthy business fundamentals.,92
NHPC,pro,5,Operating profit margin above 25% indicates strong pricing power and cost discipline.,90
NHPC,pro,7,Very high interest coverage ratio reflects negligible financial stress from debt servicing.,90
NHPC,pro,11,Revenue growing slower than profits shows improving operating leverage and scale benefits.,87
NTPC,pro,5,Operating profit margin above 25% indicates strong pricing power and cost discipline.,90
NTPC,pro,12,Growing asset base funded by internal accruals reflects self-sustaining growth.,85
ONGC,pro,2,Strong free cash flow generation over 5 years signals healthy business fundamentals.,92
ONGC,pro,7,Very high interest coverage ratio reflects negligible financial stress from debt servicing.,90
ONGC,pro,11,Revenue growing slower than profits shows improving operating leverage and scale benefits.,87
ONGC,pro,12,Growing asset base funded by internal accruals reflects self-sustaining growth.,85
PFC,pro,5,Operating profit margin above 25% indicates strong pricing power and cost discipline.,90
PFC,pro,11,Revenue growing slower than profits shows improving operating leverage and scale benefits.,87
PFC,pro,12,Growing asset base funded by internal accruals reflects self-sustaining growth.,85
PIDILITIND,pro,1,Consistently high return on equity above 20% demonstrates exceptional capital efficiency.,95
PIDILITIND,pro,7,Very high interest coverage ratio reflects negligible financial stress from debt servicing.,90
PIDILITIND,pro,11,Revenue growing slower than profits shows improving operating leverage and scale benefits.,87
PIDILITIND,pro,12,Growing asset base funded by internal accruals reflects self-sustaining growth.,85
PNB,pro,4,Revenue growing at above 15% CAGR over 5 years reflects strong business momentum.,90
POWERGRID,pro,2,Strong free cash flow generation over 5 years signals healthy business fundamentals.,92
POWERGRID,pro,5,Operating profit margin above 25% indicates strong pricing power and cost discipline.,90
POWERGRID,pro,8,Consistent dividend yield above 2% backed by positive free cash flow.,88
POWERGRID,pro,11,Revenue growing slower than profits shows improving operating leverage and scale benefits.,87
RECLTD,pro,1,Consistently high return on equity above 20% demonstrates exceptional capital efficiency.,95
RECLTD,pro,5,Operating profit margin above 25% indicates strong pricing power and cost discipline.,90
RECLTD,pro,9,Earnings per share growing above 15% CAGR indicates strong earnings quality and compounding.,90
RECLTD,pro,11,Revenue growing slower than profits shows improving operating leverage and scale benefits.,87
RECLTD,pro,12,Growing asset base funded by internal accruals reflects self-sustaining growth.,85
RELIANCE,pro,8,Consistent dividend yield above 2% backed by positive free cash flow.,88
RELIANCE,pro,11,Revenue growing slower than profits shows improving operating leverage and scale benefits.,87
RELIANCE,pro,12,Growing asset base funded by internal accruals reflects self-sustaining growth.,85
SBILIFE,pro,3,Debt-free balance sheet provides financial flexibility and eliminates interest burden.,98
SBILIFE,pro,4,Revenue growing at above 15% CAGR over 5 years reflects strong business momentum.,90
SBILIFE,pro,7,Very high interest coverage ratio reflects negligible financial stress from debt servicing.,90
SBIN,pro,6,Net profit compounding at above 20% over 5 years creates significant shareholder value.,92
SBIN,pro,9,Earnings per share growing above 15% CAGR indicates strong earnings quality and compounding.,90
SBIN,pro,11,Revenue growing slower than profits shows improving operating leverage and scale benefits.,87
SHREECEM,pro,7,Very high interest coverage ratio reflects negligible financial stress from debt servicing.,90
SHREECEM,pro,8,Consistent dividend yield above 2% backed by positive free cash flow.,88
SHREECEM,pro,11,Revenue growing slower than profits shows improving operating leverage and scale benefits.,87
SHRIRAMFIN,pro,4,Revenue growing at above 15% CAGR over 5 years reflects strong business momentum.,90
SHRIRAMFIN,pro,5,Operating profit margin above 25% indicates strong pricing power and cost discipline.,90
SHRIRAMFIN,pro,6,Net profit compounding at above 20% over 5 years creates significant shareholder value.,92
SHRIRAMFIN,pro,11,Revenue growing slower than profits shows improving operating leverage and scale benefits.,87
SIEMENS,pro,7,Very high interest coverage ratio reflects negligible financial stress from debt servicing.,90
SIEMENS,pro,8,Consistent dividend yield above 2% backed by positive free cash flow.,88
SIEMENS,pro,9,Earnings per share growing above 15% CAGR indicates strong earnings quality and compounding.,90
SIEMENS,pro,11,Revenue growing slower than profits shows improving operating leverage and scale benefits.,87
SUNPHARMA,pro,5,Operating profit margin above 25% indicates strong pricing power and cost discipline.,90
SUNPHARMA,pro,6,Net profit compounding at above 20% over 5 years creates significant shareholder value.,92
SUNPHARMA,pro,7,Very high interest coverage ratio reflects negligible financial stress from debt servicing.,90
SUNPHARMA,pro,8,Consistent dividend yield above 2% backed by positive free cash flow.,88
SUNPHARMA,pro,9,Earnings per share growing above 15% CAGR indicates strong earnings quality and compounding.,90
SUNPHARMA,pro,11,Revenue growing slower than profits shows improving operating leverage and scale benefits.,87
SUNPHARMA,pro,12,Growing asset base funded by internal accruals reflects self-sustaining growth.,85
TATACONSUM,pro,2,Strong free cash flow generation over 5 years signals healthy business fundamentals.,92
TATACONSUM,pro,4,Revenue growing at above 15% CAGR over 5 years reflects strong business momentum.,90
TATACONSUM,pro,6,Net profit compounding at above 20% over 5 years creates significant shareholder value.,92
TATACONSUM,pro,7,Very high interest coverage ratio reflects negligible financial stress from debt servicing.,90
TATACONSUM,pro,11,Revenue growing slower than profits shows improving operating leverage and scale benefits.,87
TATAMOTORS,pro,1,Consistently high return on equity above 20% demonstrates exceptional capital efficiency.,95
TATAMOTORS,pro,8,Consistent dividend yield above 2% backed by positive free cash flow.,88
TATAMOTORS,pro,12,Growing asset base funded by internal accruals reflects self-sustaining growth.,85
TATAPOWER,pro,4,Revenue growing at above 15% CAGR over 5 years reflects strong business momentum.,90
TATAPOWER,pro,12,Growing asset base funded by internal accruals reflects self-sustaining growth.,85
TATASTEEL,pro,2,Strong free cash flow generation over 5 years signals healthy business fundamentals.,92
TCS,pro,2,Strong free cash flow generation over 5 years signals healthy business fundamentals.,92
TCS,pro,5,Operating profit margin above 25% indicates strong pricing power and cost discipline.,90
TCS,pro,7,Very high interest coverage ratio reflects negligible financial stress from debt servicing.,90
TECHM,pro,2,Strong free cash flow generation over 5 years signals healthy business fundamentals.,92
TECHM,pro,7,Very high interest coverage ratio reflects negligible financial stress from debt servicing.,90
TITAN,pro,1,Consistently high return on equity above 20% demonstrates exceptional capital efficiency.,95
TITAN,pro,4,Revenue growing at above 15% CAGR over 5 years reflects strong business momentum.,90
TITAN,pro,6,Net profit compounding at above 20% over 5 years creates significant shareholder value.,92
TITAN,pro,8,Consistent dividend yield above 2% backed by positive free cash flow.,88
TITAN,pro,9,Earnings per share growing above 15% CAGR indicates strong earnings quality and compounding.,90
TORNTPHARM,pro,1,Consistently high return on equity above 20% demonstrates exceptional capital efficiency.,95
TORNTPHARM,pro,2,Strong free cash flow generation over 5 years signals healthy business fundamentals.,92
TORNTPHARM,pro,5,Operating profit margin above 25% indicates strong pricing power and cost discipline.,90
TORNTPHARM,pro,6,Net profit compounding at above 20% over 5 years creates significant shareholder value.,92
TORNTPHARM,pro,9,Earnings per share growing above 15% CAGR indicates strong earnings quality and compounding.,90
TORNTPHARM,pro,11,Revenue growing slower than profits shows improving operating leverage and scale benefits.,87
TORNTPHARM,pro,12,Growing asset base funded by internal accruals reflects self-sustaining growth.,85
TRENT,pro,1,Consistently high return on equity above 20% demonstrates exceptional capital efficiency.,95
TRENT,pro,4,Revenue growing at above 15% CAGR over 5 years reflects strong business momentum.,90
TRENT,pro,6,Net profit compounding at above 20% over 5 years creates significant shareholder value.,92
TRENT,pro,8,Consistent dividend yield above 2% backed by positive free cash flow.,88
TRENT,pro,9,Earnings per share growing above 15% CAGR indicates strong earnings quality and compounding.,90
TRENT,pro,11,Revenue growing slower than profits shows improving operating leverage and scale benefits.,87
TRENT,pro,12,Growing asset base funded by internal accruals reflects self-sustaining growth.,85
TVSMOTOR,pro,9,Earnings per share growing above 15% CAGR indicates strong earnings quality and compounding.,90
TVSMOTOR,pro,11,Revenue growing slower than profits shows improving operating leverage and scale benefits.,87
TVSMOTOR,pro,12,Growing asset base funded by internal accruals reflects self-sustaining growth.,85
ABB,con,99,No major financial concerns were identified by the current rule set; continued monitoring is recommended.,65
ADANIENSOL,con,99,No major financial concerns were identified by the current rule set; continued monitoring is recommended.,65
ADANIENT,con,99,No major financial concerns were identified by the current rule set; continued monitoring is recommended.,65
ADANIGREEN,con,99,No major financial concerns were identified by the current rule set; continued monitoring is recommended.,65
ADANIPORTS,con,99,No major financial concerns were identified by the current rule set; continued monitoring is recommended.,65
ADANIPOWER,con,99,No major financial concerns were identified by the current rule set; continued monitoring is recommended.,65
AMBUJACEM,con,99,No major financial concerns were identified by the current rule set; continued monitoring is recommended.,65
APOLLOHOSP,con,99,No major financial concerns were identified by the current rule set; continued monitoring is recommended.,65
ASIANPAINT,con,99,No major financial concerns were identified by the current rule set; continued monitoring is recommended.,65
ATGL,con,99,No major financial concerns were identified by the current rule set; continued monitoring is recommended.,65
AXISBANK,con,99,No major financial concerns were identified by the current rule set; continued monitoring is recommended.,65
BAJAJ-AUTO,con,99,No major financial concerns were identified by the current rule set; continued monitoring is recommended.,65
BAJAJFINSV,con,99,No major financial concerns were identified by the current rule set; continued monitoring is recommended.,65
BAJAJHLDNG,con,99,No major financial concerns were identified by the current rule set; continued monitoring is recommended.,65
BAJFINANCE,con,99,No major financial concerns were identified by the current rule set; continued monitoring is recommended.,65
BANKBARODA,con,99,No major financial concerns were identified by the current rule set; continued monitoring is recommended.,65
BEL,con,99,No major financial concerns were identified by the current rule set; continued monitoring is recommended.,65
BHARTIARTL,con,99,No major financial concerns were identified by the current rule set; continued monitoring is recommended.,65
BHEL,pro,99,The company continues to operate with an established business presence and remains under continuous financial evaluation.,65
BHEL,con,99,No major financial concerns were identified by the current rule set; continued monitoring is recommended.,65
BOSCHLTD,con,99,No major financial concerns were identified by the current rule set; continued monitoring is recommended.,65
BPCL,con,99,No major financial concerns were identified by the current rule set; continued monitoring is recommended.,65
BRITANNIA,con,99,No major financial concerns were identified by the current rule set; continued monitoring is recommended.,65
CANBK,con,99,No major financial concerns were identified by the current rule set; continued monitoring is recommended.,65
CHOLAFIN,con,99,No major financial concerns were identified by the current rule set; continued monitoring is recommended.,65
CIPLA,con,99,No major financial concerns were identified by the current rule set; continued monitoring is recommended.,65
COALINDIA,con,99,No major financial concerns were identified by the current rule set; continued monitoring is recommended.,65
DABUR,con,99,No major financial concerns were identified by the current rule set; continued monitoring is recommended.,65
DIVISLAB,con,99,No major financial concerns were identified by the current rule set; continued monitoring is recommended.,65
DLF,con,99,No major financial concerns were identified by the current rule set; continued monitoring is recommended.,65
DMART,con,99,No major financial concerns were identified by the current rule set; continued monitoring is recommended.,65
DRREDDY,con,99,No major financial concerns were identified by the current rule set; continued monitoring is recommended.,65
EICHERMOT,con,99,No major financial concerns were identified by the current rule set; continued monitoring is recommended.,65
GAIL,con,99,No major financial concerns were identified by the current rule set; continued monitoring is recommended.,65
GODREJCP,pro,99,The company continues to operate with an established business presence and remains under continuous financial evaluation.,65
GODREJCP,con,99,No major financial concerns were identified by the current rule set; continued monitoring is recommended.,65
GRASIM,con,99,No major financial concerns were identified by the current rule set; continued monitoring is recommended.,65
HAL,con,99,No major financial concerns were identified by the current rule set; continued monitoring is recommended.,65
HAVELLS,con,99,No major financial concerns were identified by the current rule set; continued monitoring is recommended.,65
HCLTECH,con,99,No major financial concerns were identified by the current rule set; continued monitoring is recommended.,65
HDFCBANK,con,99,No major financial concerns were identified by the current rule set; continued monitoring is recommended.,65
HDFCLIFE,con,99,No major financial concerns were identified by the current rule set; continued monitoring is recommended.,65
HEROMOTOCO,con,99,No major financial concerns were identified by the current rule set; continued monitoring is recommended.,65
HINDALCO,con,99,No major financial concerns were identified by the current rule set; continued monitoring is recommended.,65
HINDUNILVR,con,99,No major financial concerns were identified by the current rule set; continued monitoring is recommended.,65
ICICIBANK,con,99,No major financial concerns were identified by the current rule set; continued monitoring is recommended.,65
ICICIGI,con,99,No major financial concerns were identified by the current rule set; continued monitoring is recommended.,65
ICICIPRULI,con,99,No major financial concerns were identified by the current rule set; continued monitoring is recommended.,65
INDIGO,con,99,No major financial concerns were identified by the current rule set; continued monitoring is recommended.,65
INDUSINDBK,con,99,No major financial concerns were identified by the current rule set; continued monitoring is recommended.,65
INFY,con,99,No major financial concerns were identified by the current rule set; continued monitoring is recommended.,65
IOC,con,99,No major financial concerns were identified by the current rule set; continued monitoring is recommended.,65
IRCTC,con,99,No major financial concerns were identified by the current rule set; continued monitoring is recommended.,65
IRFC,con,99,No major financial concerns were identified by the current rule set; continued monitoring is recommended.,65
ITC,con,99,No major financial concerns were identified by the current rule set; continued monitoring is recommended.,65
JINDALSTEL,pro,99,The company continues to operate with an established business presence and remains under continuous financial evaluation.,65
JINDALSTEL,con,99,No major financial concerns were identified by the current rule set; continued monitoring is recommended.,65
JIOFIN,con,99,No major financial concerns were identified by the current rule set; continued monitoring is recommended.,65
JSWENERGY,con,99,No major financial concerns were identified by the current rule set; continued monitoring is recommended.,65
JSWSTEEL,con,99,No major financial concerns were identified by the current rule set; continued monitoring is recommended.,65
KOTAKBANK,con,99,No major financial concerns were identified by the current rule set; continued monitoring is recommended.,65
LICI,con,99,No major financial concerns were identified by the current rule set; continued monitoring is recommended.,65
LODHA,con,99,No major financial concerns were identified by the current rule set; continued monitoring is recommended.,65
LT,pro,99,The company continues to operate with an established business presence and remains under continuous financial evaluation.,65
LT,con,99,No major financial concerns were identified by the current rule set; continued monitoring is recommended.,65
LTIM,con,99,No major financial concerns were identified by the current rule set; continued monitoring is recommended.,65
M&M,con,99,No major financial concerns were identified by the current rule set; continued monitoring is recommended.,65
MARUTI,con,99,No major financial concerns were identified by the current rule set; continued monitoring is recommended.,65
MOTHERSON,con,99,No major financial concerns were identified by the current rule set; continued monitoring is recommended.,65
NAUKRI,con,99,No major financial concerns were identified by the current rule set; continued monitoring is recommended.,65
NESTLEIND,con,99,No major financial concerns were identified by the current rule set; continued monitoring is recommended.,65
NHPC,con,99,No major financial concerns were identified by the current rule set; continued monitoring is recommended.,65
NTPC,con,99,No major financial concerns were identified by the current rule set; continued monitoring is recommended.,65
ONGC,con,99,No major financial concerns were identified by the current rule set; continued monitoring is recommended.,65
PFC,con,99,No major financial concerns were identified by the current rule set; continued monitoring is recommended.,65
PIDILITIND,con,99,No major financial concerns were identified by the current rule set; continued monitoring is recommended.,65
PNB,con,99,No major financial concerns were identified by the current rule set; continued monitoring is recommended.,65
POWERGRID,con,99,No major financial concerns were identified by the current rule set; continued monitoring is recommended.,65
RECLTD,con,99,No major financial concerns were identified by the current rule set; continued monitoring is recommended.,65
RELIANCE,con,99,No major financial concerns were identified by the current rule set; continued monitoring is recommended.,65
SBILIFE,con,99,No major financial concerns were identified by the current rule set; continued monitoring is recommended.,65
SBIN,con,99,No major financial concerns were identified by the current rule set; continued monitoring is recommended.,65
SHREECEM,con,99,No major financial concerns were identified by the current rule set; continued monitoring is recommended.,65
SHRIRAMFIN,con,99,No major financial concerns were identified by the current rule set; continued monitoring is recommended.,65
SIEMENS,con,99,No major financial concerns were identified by the current rule set; continued monitoring is recommended.,65
SUNPHARMA,con,99,No major financial concerns were identified by the current rule set; continued monitoring is recommended.,65
TATACONSUM,con,99,No major financial concerns were identified by the current rule set; continued monitoring is recommended.,65
TATAMOTORS,con,99,No major financial concerns were identified by the current rule set; continued monitoring is recommended.,65
TATAPOWER,con,99,No major financial concerns were identified by the current rule set; continued monitoring is recommended.,65
TATASTEEL,con,99,No major financial concerns were identified by the current rule set; continued monitoring is recommended.,65
TCS,con,99,No major financial concerns were identified by the current rule set; continued monitoring is recommended.,65
TECHM,con,99,No major financial concerns were identified by the current rule set; continued monitoring is recommended.,65
TITAN,con,99,No major financial concerns were identified by the current rule set; continued monitoring is recommended.,65
TORNTPHARM,con,99,No major financial concerns were identified by the current rule set; continued monitoring is recommended.,65
TRENT,con,99,No major financial concerns were identified by the current rule set; continued monitoring is recommended.,65
TVSMOTOR,con,99,No major financial concerns were identified by the current rule set; continued monitoring is recommended.,65
